Segment_Type,Segment,Customer_Count,Total_MRR,MRR_Pct,Total_LTV,LTV_Pct
Overall,Top 1%,10,14434.0,9.670958112453295,638139.39,6.553060359336104
Overall,Top 5%,53,44614.0,29.891930527157502,1855423.6800000002,19.053366016445903
Overall,Top 10%,107,66454.25,44.525167531141705,3060555.83,31.42888121529061
Overall,Top 20%,215,94781.42,63.5047209823225,4555674.1,46.782267044766165
Overall,Top 50%,538,134055.22,89.81865161256141,6864275.17,70.48931662422861
